EmployeeID,Name,Age,Department,Salary,YearsExperience,PerformanceScore,Gender,HoursPerWeek,Training
1001,Employee_1,50.0,IT,53073.82,22,2.0,Male,38.0,True
1002,Employee_2,36.0,HR,48015.03,17,4.0,Female,46.0,True
1003,Employee_3,29.0,Finance,55877.63,34,1.0,Male,,True
1004,Employee_4,42.0,Marketing,90219.95,14,5.0,Male,,True
1005,Employee_5,40.0,HR,61074.63,24,2.0,Male,45.0,True
1006,Employee_6,44.0,HR,68646.07,27,1.0,Female,40.0,True
1007,Employee_7,32.0,IT,51963.14,9,3.0,Male,41.0,False
1008,Employee_8,32.0,IT,55913.45,16,4.0,Female,58.0,False
1009,Employee_9,45.0,Finance,64707.44,21,1.0,Female,48.0,False
1010,Employee_10,57.0,Marketing,56891.42,25,2.0,Male,58.0,True
1011,Employee_11,45.0,IT,26539.35,24,3.0,Male,45.0,False
1012,Employee_12,24.0,HR,74208.11,16,2.0,Male,47.0,False
1013,Employee_13,43.0,Marketing,45772.99,12,2.0,Female,36.0,False
1014,Employee_14,23.0,Marketing,86669.76,19,3.0,Male,59.0,True
1015,Employee_15,45.0,HR,65302.73,24,2.0,Male,41.0,True
1016,Employee_16,51.0,IT,56064.59,3,3.0,Male,54.0,True
1017,Employee_17,59.0,HR,61589.91,9,,Male,38.0,True
1018,Employee_18,23.0,Marketing,53372.53,2,3.0,Male,42.0,False
1019,Employee_19,42.0,Operations,47703.51,17,3.0,Female,,False
1020,Employee_20,54.0,Operations,,21,4.0,Female,56.0,False
1021,Employee_21,33.0,Finance,68274.86,33,3.0,Male,55.0,False
1022,Employee_22,43.0,HR,48032.05,7,3.0,Male,53.0,True
1023,Employee_23,46.0,HR,45666.44,18,1.0,Male,47.0,True
1024,Employee_24,48.0,Finance,49667.67,5,4.0,Male,48.0,True
1025,Employee_25,49.0,Finance,69280.17,25,5.0,Female,44.0,False
1026,Employee_26,37.0,Finance,76788.25,33,1.0,Male,45.0,True
1027,Employee_27,36.0,Marketing,60430.21,5,1.0,Female,36.0,True
1028,Employee_28,24.0,HR,63719.71,32,5.0,Female,59.0,False
1029,Employee_29,58.0,Marketing,45554.49,21,3.0,Male,43.0,False
1030,Employee_30,28.0,Finance,68151.32,20,2.0,Female,51.0,True
1031,Employee_31,42.0,HR,63276.06,5,4.0,Female,37.0,True
1032,Employee_32,30.0,Marketing,,5,2.0,Female,58.0,True
1033,Employee_33,39.0,Marketing,28184.93,3,5.0,Female,,True
1034,Employee_34,25.0,Finance,36691.45,29,1.0,Male,39.0,True
1035,Employee_35,46.0,HR,44961.96,10,1.0,Male,39.0,True
1036,Employee_36,35.0,Finance,72429.06,29,4.0,Female,56.0,False
1037,Employee_37,30.0,HR,78292.9,30,1.0,Male,49.0,False
1038,Employee_38,47.0,Operations,48407.23,23,1.0,Male,57.0,False
1039,Employee_39,23.0,IT,48881.27,8,4.0,Male,51.0,True
1040,Employee_40,41.0,IT,,2,4.0,Male,43.0,False
1041,Employee_41,49.0,IT,55182.2,30,5.0,Male,37.0,True
1042,Employee_42,28.0,Finance,68964.01,23,1.0,Female,54.0,True
1043,Employee_43,29.0,Operations,47152.18,30,1.0,Male,51.0,False
1044,Employee_44,56.0,HR,69237.14,5,5.0,Male,44.0,True
1045,Employee_45,35.0,Marketing,51411.63,1,3.0,Male,37.0,True
1046,Employee_46,38.0,HR,67809.62,19,3.0,Male,52.0,False
1047,Employee_47,57.0,Marketing,50934.39,27,3.0,Female,52.0,False
1048,Employee_48,25.0,HR,45803.58,10,5.0,Female,51.0,False
1049,Employee_49,23.0,Operations,83684.76,3,1.0,Female,58.0,True
1050,Employee_50,27.0,Marketing,70978.41,14,5.0,Female,37.0,False
1051,Employee_51,25.0,Finance,28119.32,5,5.0,Male,37.0,False
1052,Employee_52,,HR,48298.4,29,3.0,Female,40.0,True
1053,Employee_53,39.0,HR,73073.84,1,2.0,Male,47.0,False
1054,Employee_54,47.0,Marketing,37050.09,14,1.0,Male,58.0,False
1055,Employee_55,55.0,Finance,,10,3.0,Male,49.0,False
1056,Employee_56,31.0,Finance,65005.84,7,2.0,Male,,True
1057,Employee_57,57.0,Operations,44512.8,25,2.0,Male,43.0,True
1058,Employee_58,35.0,Finance,54867.74,4,4.0,Female,38.0,True
1059,Employee_59,52.0,Finance,23649.73,5,1.0,Female,,True
1060,Employee_60,36.0,Finance,81556.47,25,2.0,Female,39.0,False
1061,Employee_61,,IT,50363.61,3,3.0,Female,36.0,True
1062,Employee_62,35.0,Operations,67057.2,18,4.0,Male,45.0,True
1063,Employee_63,44.0,HR,64207.62,19,1.0,Female,43.0,False
1064,Employee_64,42.0,Marketing,75368.21,32,5.0,Male,58.0,False
1065,Employee_65,37.0,HR,48500.45,19,3.0,Female,37.0,False
1066,Employee_66,39.0,Operations,58057.34,11,2.0,Male,43.0,True
1067,Employee_67,45.0,Marketing,63386.64,0,2.0,Male,37.0,True
1068,Employee_68,47.0,Operations,68088.12,25,3.0,Female,59.0,True
1069,Employee_69,46.0,Finance,72315.32,13,2.0,Male,36.0,False
1070,Employee_70,50.0,Marketing,47839.27,10,4.0,Male,46.0,False
1071,Employee_71,36.0,Finance,45036.59,12,1.0,Female,44.0,True
1072,Employee_72,22.0,HR,75401.67,2,4.0,Male,43.0,False
1073,Employee_73,,HR,24443.86,32,2.0,Female,49.0,False
1074,Employee_74,28.0,Marketing,78550.48,5,5.0,Female,42.0,False
1075,Employee_75,30.0,Marketing,50465.14,9,1.0,Female,59.0,True
1076,Employee_76,45.0,Operations,54931.56,4,1.0,Male,39.0,False
1077,Employee_77,22.0,Operations,44764.86,22,3.0,Male,45.0,False
1078,Employee_78,29.0,Finance,54277.07,9,3.0,Male,36.0,True
1079,Employee_79,45.0,Marketing,74067.07,1,5.0,Female,58.0,True
1080,Employee_80,32.0,HR,66562.95,12,1.0,Male,49.0,False
1081,Employee_81,38.0,Operations,,1,5.0,Female,40.0,False
1082,Employee_82,29.0,Operations,56333.1,19,3.0,Female,42.0,True
1083,Employee_83,56.0,HR,33315.85,0,3.0,Male,39.0,True
1084,Employee_84,56.0,Operations,42337.95,8,1.0,Female,50.0,False
1085,Employee_85,54.0,Finance,49851.98,16,4.0,Male,52.0,False
1086,Employee_86,26.0,Marketing,61865.15,8,2.0,Male,40.0,False
1087,Employee_87,49.0,HR,56044.79,10,,Male,39.0,False
1088,Employee_88,,Marketing,69752.56,14,3.0,Male,50.0,True
1089,Employee_89,30.0,Operations,62104.41,23,4.0,Male,47.0,False
1090,Employee_90,29.0,Operations,55815.26,34,4.0,Female,39.0,False
1091,Employee_91,33.0,HR,89136.42,29,5.0,Female,47.0,True
1092,Employee_92,55.0,Finance,61093.4,30,5.0,Female,51.0,False
1093,Employee_93,54.0,IT,48520.87,4,,Male,52.0,True
1094,Employee_94,44.0,HR,82899.51,13,,Male,42.0,False
1095,Employee_95,45.0,IT,73006.17,10,1.0,Male,47.0,False
1096,Employee_96,58.0,IT,82241.32,8,5.0,Female,53.0,True
1097,Employee_97,56.0,Finance,53336.02,33,3.0,Male,37.0,True
1098,Employee_98,43.0,IT,69644.64,11,5.0,Female,58.0,False
1099,Employee_99,48.0,IT,33207.26,34,,Female,42.0,False
1100,Employee_100,56.0,Finance,66760.1,34,,Male,36.0,False
1101,Employee_101,22.0,IT,52634.14,0,5.0,Male,42.0,True
1102,Employee_102,56.0,IT,34674.13,21,4.0,Female,47.0,False
1103,Employee_103,58.0,IT,70489.01,28,,Male,47.0,True
1104,Employee_104,35.0,HR,27848.03,7,2.0,Female,35.0,True
1105,Employee_105,24.0,HR,26309.4,10,1.0,Male,40.0,False
1106,Employee_106,22.0,HR,60437.15,13,5.0,Male,58.0,True
1107,Employee_107,26.0,Finance,63570.21,29,4.0,Female,53.0,False
1108,Employee_108,47.0,Operations,69557.86,34,3.0,Male,50.0,False
1109,Employee_109,35.0,IT,66129.45,20,2.0,Female,42.0,False
1110,Employee_110,48.0,IT,77149.88,4,2.0,Male,35.0,False
1111,Employee_111,30.0,Finance,65503.64,18,3.0,Female,50.0,False
1112,Employee_112,36.0,IT,,13,4.0,Female,43.0,True
1113,Employee_113,36.0,HR,53895.83,25,4.0,Male,47.0,True
1114,Employee_114,47.0,Operations,50766.68,3,5.0,Female,45.0,False
1115,Employee_115,34.0,Marketing,59432.16,24,5.0,Male,47.0,False
1116,Employee_116,,IT,38539.81,24,1.0,Male,59.0,True
1117,Employee_117,53.0,HR,60113.83,17,2.0,Male,55.0,True
1118,Employee_118,25.0,Marketing,53703.8,7,5.0,Female,44.0,True
1119,Employee_119,51.0,Operations,59134.53,13,4.0,Female,38.0,True
1120,Employee_120,58.0,Marketing,59180.85,31,3.0,Male,40.0,False
1121,Employee_121,44.0,HR,18216.03,32,4.0,Male,41.0,False
1122,Employee_122,36.0,Marketing,41480.59,22,2.0,Female,39.0,True
1123,Employee_123,50.0,Finance,53370.57,14,4.0,Male,45.0,False
1124,Employee_124,57.0,Marketing,54167.73,32,1.0,Male,47.0,True
1125,Employee_125,34.0,IT,58890.84,24,2.0,Female,59.0,False
1126,Employee_126,53.0,IT,59535.22,16,3.0,Male,53.0,True
1127,Employee_127,28.0,Finance,77743.5,32,1.0,Female,57.0,False
1128,Employee_128,43.0,HR,59686.88,1,2.0,Male,44.0,True
1129,Employee_129,49.0,IT,50304.64,13,3.0,Female,44.0,True
1130,Employee_130,23.0,Operations,31013.15,5,1.0,Male,45.0,False
1131,Employee_131,27.0,IT,34471.15,5,1.0,Male,55.0,True
1132,Employee_132,49.0,IT,63032.38,2,2.0,Female,,False
1133,Employee_133,49.0,HR,70906.7,6,5.0,Male,52.0,False
1134,Employee_134,41.0,Marketing,78120.56,7,1.0,Female,38.0,True
1135,Employee_135,51.0,IT,42581.6,14,,Male,36.0,False
1136,Employee_136,32.0,Finance,,28,3.0,Female,48.0,False
1137,Employee_137,49.0,Marketing,58635.01,32,4.0,Female,47.0,False
1138,Employee_138,46.0,Operations,,29,2.0,Female,46.0,False
1139,Employee_139,54.0,HR,56722.92,26,2.0,Female,41.0,False
1140,Employee_140,22.0,Operations,78268.94,28,5.0,Male,36.0,True
1141,Employee_141,48.0,Marketing,57549.59,32,,Male,47.0,False
1142,Employee_142,34.0,Marketing,72298.68,26,2.0,Female,48.0,False
1143,Employee_143,24.0,Marketing,70398.7,32,5.0,Female,51.0,False
1144,Employee_144,27.0,Operations,57491.32,3,3.0,Female,43.0,False
1145,Employee_145,29.0,Marketing,39694.25,21,2.0,Male,51.0,False
1146,Employee_146,48.0,Operations,50963.58,1,5.0,Male,42.0,True
1147,Employee_147,30.0,Marketing,77335.68,9,2.0,Male,36.0,False
1148,Employee_148,58.0,Finance,68167.38,4,4.0,Male,,True
1149,Employee_149,54.0,Marketing,48495.25,9,1.0,Female,47.0,True
1150,Employee_150,45.0,Operations,49865.37,32,2.0,Female,37.0,True
1151,Employee_151,,IT,29036.9,12,1.0,Female,50.0,True
1152,Employee_152,53.0,Marketing,76665.08,30,5.0,Male,40.0,False
1153,Employee_153,53.0,IT,68290.95,23,1.0,Male,53.0,True
1154,Employee_154,45.0,Finance,52943.83,14,2.0,Male,41.0,True
1155,Employee_155,33.0,HR,58002.02,28,,Female,44.0,False
1156,Employee_156,23.0,Finance,22437.01,7,5.0,Female,43.0,False
1157,Employee_157,24.0,Marketing,47699.28,4,2.0,Male,36.0,False
1158,Employee_158,58.0,IT,75016.68,28,5.0,Female,49.0,True
1159,Employee_159,,IT,69723.21,3,3.0,Male,39.0,False
1160,Employee_160,,Operations,59960.51,11,1.0,Male,56.0,False
1161,Employee_161,23.0,IT,54779.23,1,3.0,Female,38.0,True
1162,Employee_162,49.0,Operations,66946.08,26,2.0,Male,54.0,False
1163,Employee_163,44.0,HR,50779.22,30,4.0,Female,38.0,False
1164,Employee_164,58.0,Marketing,30029.6,25,5.0,Male,52.0,False
1165,Employee_165,53.0,Operations,54907.01,26,1.0,Female,38.0,False
1166,Employee_166,54.0,HR,61046.79,4,5.0,Female,51.0,True
1167,Employee_167,22.0,IT,,19,2.0,Female,46.0,False
1168,Employee_168,40.0,IT,33382.06,10,5.0,Male,56.0,False
1169,Employee_169,23.0,HR,53156.33,9,1.0,Male,51.0,True
1170,Employee_170,47.0,IT,,5,2.0,Female,44.0,False
1171,Employee_171,53.0,HR,38481.22,7,5.0,Female,,True
1172,Employee_172,27.0,Operations,62315.1,22,4.0,Male,35.0,False
1173,Employee_173,53.0,Operations,66210.52,25,2.0,Male,56.0,True
1174,Employee_174,25.0,HR,50639.62,11,2.0,Male,58.0,True
1175,Employee_175,32.0,Operations,85826.39,25,4.0,Female,52.0,True
1176,Employee_176,38.0,Operations,50209.6,12,3.0,Male,52.0,True
1177,Employee_177,59.0,Operations,48299.75,17,1.0,Male,48.0,False
1178,Employee_178,45.0,Finance,47864.93,24,3.0,Female,49.0,True
1179,Employee_179,26.0,Marketing,42767.51,32,5.0,Male,46.0,False
1180,Employee_180,,IT,46614.62,11,4.0,Male,38.0,True
1181,Employee_181,27.0,Finance,33488.67,3,3.0,Male,37.0,True
1182,Employee_182,43.0,Operations,52127.01,4,2.0,Female,54.0,True
1183,Employee_183,32.0,HR,55862.11,7,5.0,Female,46.0,False
1184,Employee_184,37.0,Operations,20757.96,27,5.0,Female,41.0,True
1185,Employee_185,54.0,Marketing,53470.76,30,3.0,Female,45.0,False
1186,Employee_186,30.0,Operations,55632.01,8,3.0,Female,35.0,False
1187,Employee_187,27.0,HR,62718.83,28,4.0,Female,40.0,False
1188,Employee_188,37.0,Marketing,73069.53,13,1.0,Female,49.0,False
1189,Employee_189,50.0,Operations,67770.31,21,3.0,Male,49.0,False
1190,Employee_190,24.0,Marketing,45694.54,10,3.0,Male,,False
1191,Employee_191,41.0,IT,43953.82,22,2.0,Female,45.0,False
1192,Employee_192,57.0,IT,63692.57,0,5.0,Male,57.0,False
1193,Employee_193,40.0,Operations,46790.8,20,1.0,Male,36.0,False
1194,Employee_194,,Marketing,36579.19,25,2.0,Female,48.0,True
1195,Employee_195,24.0,HR,90612.13,22,4.0,Male,36.0,True
1196,Employee_196,40.0,Operations,50339.14,0,4.0,Male,38.0,True
1197,Employee_197,41.0,IT,45602.14,14,3.0,Male,51.0,True
1198,Employee_198,53.0,IT,22118.05,20,3.0,Male,37.0,True
1199,Employee_199,28.0,Operations,67771.03,8,4.0,Male,47.0,False
1200,Employee_200,54.0,Marketing,40180.96,8,3.0,Female,43.0,False
