StudentID,Name,Grade,Score,Subject,Semester
1,Student_1,B,89.9,History,Fall 2024
2,Student_2,A-,60.3,CS,Spring 2025
3,Student_3,B-,65.0,History,Spring 2025
4,Student_4,C,72.5,CS,Spring 2024
5,Student_5,C,72.2,English,Fall 2024
6,Student_6,C-,79.2,Science,Fall 2024
7,Student_7,B+,62.3,History,Spring 2025
8,Student_8,A-,50.9,Science,Spring 2025
9,Student_9,C-,48.3,Science,Fall 2024
10,Student_10,C+,59.3,Science,Spring 2024
11,Student_11,B+,53.7,English,Spring 2025
12,Student_12,C,63.4,Math,Spring 2024
13,Student_13,C,87.6,History,Spring 2024
14,Student_14,C+,62.3,Math,Spring 2025
15,Student_15,C+,62.3,Math,Spring 2024
16,Student_16,B,67.8,Math,Spring 2024
17,Student_17,B-,61.9,Science,Fall 2024
18,Student_18,B-,67.0,CS,Spring 2024
19,Student_19,C-,76.1,Science,Fall 2024
20,Student_20,C-,81.3,Science,Spring 2025
21,Student_21,C-,83.0,Math,Spring 2025
22,Student_22,A+,98.9,Science,Fall 2024
23,Student_23,C,76.5,Math,Spring 2025
24,Student_24,C,100.0,CS,Spring 2024
25,Student_25,C+,56.4,History,Spring 2024
26,Student_26,C,99.4,Math,Spring 2024
27,Student_27,C-,62.3,CS,Spring 2025
28,Student_28,B,63.8,History,Spring 2024
29,Student_29,B-,66.2,English,Spring 2025
30,Student_30,A,64.7,Math,Spring 2024
31,Student_31,B,69.3,Math,Fall 2024
32,Student_32,C+,59.3,English,Spring 2025
33,Student_33,C,80.4,English,Spring 2025
34,Student_34,A-,59.7,Math,Spring 2024
35,Student_35,A,77.8,English,Spring 2025
36,Student_36,C+,90.9,Science,Spring 2025
37,Student_37,A+,62.6,History,Fall 2024
38,Student_38,A-,79.9,History,Fall 2024
39,Student_39,A+,76.4,History,Spring 2024
40,Student_40,A-,100.0,Science,Fall 2024
41,Student_41,A-,60.4,English,Spring 2024
42,Student_42,B,79.9,CS,Spring 2024
43,Student_43,B,43.6,English,Spring 2024
44,Student_44,C-,60.6,Math,Spring 2025
45,Student_45,B-,73.3,History,Fall 2024
46,Student_46,C,88.9,English,Spring 2024
47,Student_47,A,49.6,CS,Fall 2024
48,Student_48,A-,79.8,Math,Spring 2024
49,Student_49,C+,67.1,Science,Fall 2024
50,Student_50,A,45.2,Science,Fall 2024
51,Student_51,B,70.7,CS,Spring 2024
52,Student_52,B-,93.6,Math,Spring 2025
53,Student_53,C+,51.2,History,Fall 2024
54,Student_54,A+,66.4,English,Spring 2025
55,Student_55,B+,53.2,Math,Spring 2025
56,Student_56,C+,61.0,Science,Spring 2024
57,Student_57,A,89.5,CS,Spring 2024
58,Student_58,C+,63.9,CS,Spring 2024
59,Student_59,C,89.0,English,Fall 2024
60,Student_60,F,84.6,CS,Spring 2024
61,Student_61,A-,62.6,CS,Spring 2024
62,Student_62,C-,60.5,Math,Fall 2024
63,Student_63,B-,54.6,History,Fall 2024
64,Student_64,B,54.0,English,Spring 2024
65,Student_65,A,73.3,Math,Spring 2024
66,Student_66,C,67.7,History,Spring 2024
67,Student_67,B+,58.6,Math,Spring 2024
68,Student_68,B,44.8,Math,Spring 2025
69,Student_69,A,69.6,CS,Spring 2025
70,Student_70,C,61.0,History,Spring 2024
71,Student_71,C,65.1,English,Spring 2025
72,Student_72,C,72.6,English,Fall 2024
73,Student_73,B+,30.5,History,Spring 2025
74,Student_74,A-,45.0,CS,Spring 2025
75,Student_75,C+,100.0,Science,Spring 2024
76,Student_76,B,60.4,Math,Spring 2025
77,Student_77,A-,30.2,CS,Spring 2025
78,Student_78,C+,46.3,History,Spring 2025
79,Student_79,F,100.0,Math,Spring 2025
80,Student_80,C,57.5,English,Fall 2024
81,Student_81,C,85.4,Science,Spring 2024
82,Student_82,D,69.8,English,Spring 2024
83,Student_83,A-,60.7,History,Fall 2024
84,Student_84,B-,79.6,Math,Spring 2025
85,Student_85,F,32.2,History,Fall 2024
86,Student_86,A-,46.4,Math,Spring 2025
87,Student_87,C+,60.6,CS,Fall 2024
88,Student_88,B-,47.9,Science,Spring 2024
89,Student_89,B-,59.3,CS,Spring 2024
90,Student_90,C+,80.8,CS,Spring 2024
91,Student_91,D,70.0,History,Spring 2025
92,Student_92,C,88.0,Science,Spring 2025
93,Student_93,A,70.9,Math,Fall 2024
94,Student_94,C-,82.9,Math,Fall 2024
95,Student_95,A-,67.0,English,Spring 2024
96,Student_96,B,59.1,Math,Spring 2025
97,Student_97,B,90.2,History,Fall 2024
98,Student_98,B,57.4,CS,Spring 2025
99,Student_99,B,73.2,CS,Spring 2025
100,Student_100,D,79.5,CS,Spring 2024
101,Student_101,C+,80.6,Science,Spring 2024
102,Student_102,C+,50.5,Math,Spring 2025
103,Student_103,A+,83.8,History,Spring 2025
104,Student_104,D,53.3,Science,Spring 2025
105,Student_105,D,80.2,English,Spring 2025
106,Student_106,C,76.0,History,Spring 2024
107,Student_107,A+,80.3,History,Fall 2024
108,Student_108,A,49.9,History,Spring 2024
109,Student_109,A-,76.8,CS,Fall 2024
110,Student_110,A,84.3,History,Spring 2025
111,Student_111,B,70.9,Math,Fall 2024
112,Student_112,D,55.7,History,Spring 2024
113,Student_113,B,81.8,CS,Spring 2024
114,Student_114,A+,69.7,History,Spring 2025
115,Student_115,B+,42.9,English,Spring 2024
116,Student_116,A+,54.6,English,Spring 2025
117,Student_117,A+,60.1,CS,Spring 2024
118,Student_118,B+,90.6,Math,Spring 2024
119,Student_119,B+,88.0,Math,Spring 2025
120,Student_120,C,87.9,Science,Fall 2024
121,Student_121,F,71.5,CS,Spring 2024
122,Student_122,B,81.7,History,Fall 2024
123,Student_123,B,50.9,CS,Spring 2024
124,Student_124,C-,68.1,Science,Spring 2024
125,Student_125,B+,74.8,CS,Spring 2024
126,Student_126,A-,51.9,CS,Spring 2024
127,Student_127,C-,71.1,Science,Fall 2024
128,Student_128,A+,93.3,Math,Fall 2024
129,Student_129,C+,76.4,History,Spring 2024
130,Student_130,B-,81.8,Science,Spring 2024
131,Student_131,B+,31.2,English,Fall 2024
132,Student_132,B+,91.4,Math,Spring 2025
133,Student_133,C,65.2,English,Spring 2025
134,Student_134,A,56.5,Math,Fall 2024
135,Student_135,B+,65.4,History,Spring 2024
136,Student_136,C,45.7,History,Spring 2024
137,Student_137,B-,83.7,CS,Spring 2025
138,Student_138,A,63.0,English,Spring 2025
139,Student_139,C-,56.9,Math,Fall 2024
140,Student_140,B,65.5,History,Spring 2025
141,Student_141,C-,84.8,Science,Fall 2024
142,Student_142,C,70.0,History,Spring 2025
143,Student_143,C+,46.9,Science,Spring 2025
144,Student_144,B,75.0,Math,Spring 2025
145,Student_145,F,54.1,History,Spring 2024
146,Student_146,A,35.7,History,Spring 2024
147,Student_147,C,90.4,Math,Spring 2024
148,Student_148,A-,74.9,History,Spring 2025
149,Student_149,B+,66.8,Science,Fall 2024
150,Student_150,B+,62.8,History,Fall 2024
151,Student_151,D,89.0,English,Fall 2024
152,Student_152,F,100.0,CS,Fall 2024
153,Student_153,A-,74.7,Science,Spring 2024
154,Student_154,A+,52.6,English,Spring 2024
155,Student_155,C,65.7,Math,Spring 2025
156,Student_156,B,74.5,Science,Spring 2025
157,Student_157,A,32.8,CS,Fall 2024
158,Student_158,C+,73.0,CS,Spring 2024
159,Student_159,B-,74.5,Math,Fall 2024
160,Student_160,F,87.9,Math,Spring 2025
161,Student_161,A-,86.3,Science,Spring 2025
162,Student_162,B,69.7,History,Fall 2024
163,Student_163,B-,90.7,Math,Spring 2025
164,Student_164,C,98.5,History,Fall 2024
165,Student_165,B-,68.4,English,Spring 2024
166,Student_166,C+,74.3,CS,Fall 2024
167,Student_167,A-,41.5,History,Spring 2024
168,Student_168,C-,46.2,CS,Spring 2024
169,Student_169,B,55.4,History,Spring 2025
170,Student_170,A,61.3,English,Spring 2025
171,Student_171,C+,51.6,Math,Spring 2025
172,Student_172,A-,67.5,English,Fall 2024
173,Student_173,A,61.8,Math,Fall 2024
174,Student_174,C-,84.1,Math,Spring 2025
175,Student_175,B,60.9,CS,Fall 2024
176,Student_176,C,33.7,English,Spring 2025
177,Student_177,B+,69.9,History,Fall 2024
178,Student_178,C,67.8,English,Spring 2024
179,Student_179,A,55.1,CS,Spring 2024
180,Student_180,B,69.4,Math,Spring 2025
181,Student_181,F,51.9,CS,Fall 2024
182,Student_182,C,72.9,Science,Fall 2024
183,Student_183,B,100.0,Science,Spring 2024
184,Student_184,B+,40.9,History,Spring 2024
185,Student_185,C-,60.3,CS,Spring 2025
186,Student_186,B-,57.9,History,Spring 2024
187,Student_187,C,61.5,History,Spring 2025
188,Student_188,C,83.3,Science,Spring 2024
189,Student_189,A+,76.1,History,Spring 2024
190,Student_190,A,80.7,Science,Fall 2024
191,Student_191,C+,68.5,Math,Spring 2024
192,Student_192,A-,48.2,CS,Spring 2024
193,Student_193,B+,51.3,History,Spring 2025
194,Student_194,D,79.2,Science,Spring 2024
195,Student_195,B-,70.6,English,Spring 2025
196,Student_196,C,86.9,History,Spring 2024
197,Student_197,B-,72.4,Math,Spring 2024
198,Student_198,B-,50.3,Math,Spring 2025
199,Student_199,A,60.2,English,Fall 2024
200,Student_200,B+,76.5,Science,Spring 2025
201,Student_201,B+,78.7,History,Spring 2025
202,Student_202,B,80.8,Science,Spring 2025
203,Student_203,C,52.3,Math,Fall 2024
204,Student_204,B,50.0,Science,Spring 2024
205,Student_205,B,65.2,Math,Spring 2025
206,Student_206,B,89.6,Science,Spring 2025
207,Student_207,A,57.6,English,Fall 2024
208,Student_208,B,74.8,CS,Spring 2025
209,Student_209,A-,74.8,English,Spring 2024
210,Student_210,A-,79.4,English,Fall 2024
211,Student_211,A,93.0,CS,Spring 2024
212,Student_212,B,91.4,CS,Spring 2024
213,Student_213,C,59.1,History,Fall 2024
214,Student_214,B+,36.5,History,Spring 2025
215,Student_215,B+,57.8,English,Spring 2024
216,Student_216,C+,69.1,English,Spring 2024
217,Student_217,A-,62.6,Math,Spring 2024
218,Student_218,D,97.5,Math,Spring 2024
219,Student_219,B-,68.3,History,Fall 2024
220,Student_220,B,77.8,History,Fall 2024
221,Student_221,B-,71.3,Math,Spring 2024
222,Student_222,A-,62.8,Math,Spring 2025
223,Student_223,C+,39.1,Science,Spring 2024
224,Student_224,B,66.8,Science,Spring 2025
225,Student_225,D,100.0,Math,Spring 2024
226,Student_226,A-,49.3,Science,Spring 2025
227,Student_227,B-,40.8,CS,Spring 2024
228,Student_228,B-,97.0,History,Spring 2025
229,Student_229,A+,79.1,History,Spring 2024
230,Student_230,B,70.8,Math,Spring 2024
231,Student_231,C,88.4,English,Spring 2025
232,Student_232,C-,55.5,Math,Fall 2024
233,Student_233,B+,66.4,Science,Spring 2025
234,Student_234,C,82.3,English,Fall 2024
235,Student_235,F,99.7,Science,Spring 2024
236,Student_236,C-,50.5,CS,Spring 2025
237,Student_237,A,87.2,Science,Spring 2025
238,Student_238,C,73.7,CS,Spring 2025
239,Student_239,B+,70.4,CS,Fall 2024
240,Student_240,F,67.9,Science,Fall 2024
241,Student_241,B,47.2,Science,Spring 2024
242,Student_242,A,82.4,CS,Fall 2024
243,Student_243,C,56.3,English,Fall 2024
244,Student_244,B+,51.8,CS,Spring 2024
245,Student_245,F,81.3,History,Spring 2025
246,Student_246,F,79.8,CS,Spring 2025
247,Student_247,C+,69.2,English,Spring 2024
248,Student_248,A,84.2,History,Spring 2025
249,Student_249,C+,89.4,Math,Fall 2024
250,Student_250,A,87.6,Math,Spring 2024
251,Student_251,A+,60.1,English,Spring 2024
252,Student_252,C-,83.2,CS,Spring 2024
253,Student_253,A-,71.2,Science,Spring 2025
254,Student_254,B,93.9,English,Spring 2024
255,Student_255,F,66.1,History,Spring 2024
256,Student_256,B+,62.7,History,Spring 2024
257,Student_257,B+,58.8,Math,Spring 2025
258,Student_258,D,70.8,History,Fall 2024
259,Student_259,A,75.0,English,Spring 2024
260,Student_260,C,75.3,History,Fall 2024
261,Student_261,F,73.2,English,Spring 2025
262,Student_262,D,78.1,Science,Spring 2025
263,Student_263,C+,64.7,Math,Spring 2025
264,Student_264,B+,54.9,History,Spring 2025
265,Student_265,B+,53.6,English,Fall 2024
266,Student_266,C,82.6,CS,Spring 2024
267,Student_267,C-,75.1,Math,Spring 2025
268,Student_268,B-,40.2,Science,Spring 2025
269,Student_269,B+,84.5,English,Fall 2024
270,Student_270,A,96.2,Science,Fall 2024
271,Student_271,A,57.3,Science,Spring 2025
272,Student_272,C+,73.0,History,Spring 2024
273,Student_273,B,60.9,History,Spring 2024
274,Student_274,D,77.4,English,Spring 2025
275,Student_275,C,50.5,CS,Fall 2024
276,Student_276,A-,66.9,English,Spring 2025
277,Student_277,C+,82.7,CS,Spring 2025
278,Student_278,B,86.5,Science,Fall 2024
279,Student_279,B-,74.4,Math,Spring 2025
280,Student_280,C,62.9,English,Spring 2025
281,Student_281,C,44.1,English,Spring 2025
282,Student_282,C-,56.6,CS,Fall 2024
283,Student_283,B+,61.0,Science,Spring 2024
284,Student_284,A+,57.5,Science,Spring 2024
285,Student_285,C,68.9,CS,Fall 2024
286,Student_286,A,62.9,Science,Spring 2024
287,Student_287,B+,70.6,History,Spring 2025
288,Student_288,A+,86.0,Math,Spring 2024
289,Student_289,C+,61.9,English,Spring 2025
290,Student_290,A-,47.3,Math,Spring 2024
291,Student_291,C+,57.5,English,Fall 2024
292,Student_292,F,76.8,History,Spring 2024
293,Student_293,A,78.2,Science,Spring 2024
294,Student_294,A,74.1,CS,Spring 2024
295,Student_295,B+,87.5,History,Fall 2024
296,Student_296,C-,65.2,Math,Spring 2024
297,Student_297,A-,98.8,CS,Fall 2024
298,Student_298,B,80.3,Science,Spring 2025
299,Student_299,A,30.1,History,Spring 2024
300,Student_300,C,95.0,CS,Fall 2024
